[{"model": "admin.logentry", "pk": 1, "fields": {"action_time": "2022-05-25T13:01:01.266Z", "user": 1, "content_type": 7, "object_id": "1", "object_repr": "toddlersally.example.com", "action_flag": 2, "change_message": "[{\"changed\": {\"fields\": [\"Domain name\", \"Display name\"]}}]"}}, {"model": "admin.logentry", "pk": 2, "fields": {"action_time": "2022-05-25T16:57:45.739Z", "user": 1, "content_type": 8, "object_id": "1", "object_repr": "admin@toddlersally.com", "action_flag": 1, "change_message": "[{\"added\": {}}]"}}, {"model": "admin.logentry", "pk": 3, "fields": {"action_time": "2022-05-26T08:07:16.600Z", "user": 1, "content_type": 14, "object_id": "1", "object_repr": "feeding", "action_flag": 1, "change_message": "[{\"added\": {}}]"}}, {"model": "admin.logentry", "pk": 4, "fields": {"action_time": "2022-05-26T08:08:08.386Z", "user": 1, "content_type": 14, "object_id": "2", "object_repr": "baby_gear", "action_flag": 1, "change_message": "[{\"added\": {}}]"}}, {"model": "admin.logentry", "pk": 5, "fields": {"action_time": "2022-05-26T08:50:55.482Z", "user": 1, "content_type": 13, "object_id": "1", "object_repr": "Tommee Tippee CTN 150ml Bottle - Pack of 3", "action_flag": 1, "change_message": "[{\"added\": {}}]"}}, {"model": "admin.logentry", "pk": 6, "fields": {"action_time": "2022-05-26T09:31:34.293Z", "user": 1, "content_type": 13, "object_id": "1", "object_repr": "Tommee Tippee CTN 150ml Bottle - Pack of 3", "action_flag": 2, "change_message": "[{\"changed\": {\"fields\": [\"Image url\"]}}]"}}, {"model": "admin.logentry", "pk": 7, "fields": {"action_time": "2022-05-26T09:34:52.524Z", "user": 1, "content_type": 13, "object_id": "1", "object_repr": "Tommee Tippee CTN 150ml Bottle - Pack of 3", "action_flag": 2, "change_message": "[{\"changed\": {\"fields\": [\"Image\"]}}]"}}, {"model": "admin.logentry", "pk": 8, "fields": {"action_time": "2022-05-26T09:36:15.504Z", "user": 1, "content_type": 13, "object_id": "1", "object_repr": "Tommee Tippee CTN 150ml Bottle - Pack of 3", "action_flag": 2, "change_message": "[{\"changed\": {\"fields\": [\"Image\"]}}]"}}, {"model": "admin.logentry", "pk": 9, "fields": {"action_time": "2022-05-26T08:55:41.474Z", "user": 1, "content_type": 13, "object_id": "1", "object_repr": "Tommee Tippee CTN 150ml Bottle - Pack of 3", "action_flag": 2, "change_message": "[{\"changed\": {\"fields\": [\"Description\"]}}]"}}, {"model": "admin.logentry", "pk": 10, "fields": {"action_time": "2022-05-26T09:28:10.460Z", "user": 1, "content_type": 13, "object_id": "1", "object_repr": "Tommee Tippee CTN 150ml Bottle - Pack of 3", "action_flag": 2, "change_message": "[{\"changed\": {\"fields\": [\"Description\"]}}]"}}, {"model": "admin.logentry", "pk": 11, "fields": {"action_time": "2022-05-26T09:28:39.778Z", "user": 1, "content_type": 13, "object_id": "1", "object_repr": "Tommee Tippee CTN 150ml Bottle - Pack of 3", "action_flag": 2, "change_message": "[{\"changed\": {\"fields\": [\"Description\"]}}]"}}, {"model": "admin.logentry", "pk": 12, "fields": {"action_time": "2022-05-26T09:30:22.971Z", "user": 1, "content_type": 13, "object_id": "1", "object_repr": "Tommee Tippee CTN 150ml Bottle - Pack of 3", "action_flag": 2, "change_message": "[{\"changed\": {\"fields\": [\"Description\"]}}]"}}, {"model": "admin.logentry", "pk": 13, "fields": {"action_time": "2022-05-26T09:31:05.865Z", "user": 1, "content_type": 13, "object_id": "1", "object_repr": "Tommee Tippee CTN 150ml Bottle - Pack of 3", "action_flag": 2, "change_message": "[{\"changed\": {\"fields\": [\"Description\"]}}]"}}, {"model": "admin.logentry", "pk": 14, "fields": {"action_time": "2022-05-26T09:32:30.076Z", "user": 1, "content_type": 13, "object_id": "1", "object_repr": "Tommee Tippee CTN 150ml Bottle - Pack of 3", "action_flag": 2, "change_message": "[{\"changed\": {\"fields\": [\"Description\"]}}]"}}, {"model": "admin.logentry", "pk": 15, "fields": {"action_time": "2022-05-26T09:33:32.984Z", "user": 1, "content_type": 13, "object_id": "1", "object_repr": "Tommee Tippee CTN 150ml Bottle - Pack of 3", "action_flag": 2, "change_message": "[{\"changed\": {\"fields\": [\"Description\"]}}]"}}, {"model": "admin.logentry", "pk": 16, "fields": {"action_time": "2022-05-26T12:21:32.988Z", "user": 1, "content_type": 13, "object_id": "2", "object_repr": "Tommee Tippee closer to nature midnight skies feeding bottles,  3-Pack , 3m + 260ml", "action_flag": 1, "change_message": "[{\"added\": {}}]"}}, {"model": "admin.logentry", "pk": 17, "fields": {"action_time": "2022-05-26T12:24:04.769Z", "user": 1, "content_type": 13, "object_id": "2", "object_repr": "Tommee Tippee closer to nature midnight skies feeding bottles,  3-Pack , 3m + 260ml", "action_flag": 2, "change_message": "[{\"changed\": {\"fields\": [\"Image\"]}}]"}}, {"model": "admin.logentry", "pk": 18, "fields": {"action_time": "2022-05-26T12:24:19.384Z", "user": 1, "content_type": 13, "object_id": "1", "object_repr": "Tommee Tippee CTN 150ml Bottle - Pack of 3", "action_flag": 2, "change_message": "[{\"changed\": {\"fields\": [\"Image\"]}}]"}}, {"model": "admin.logentry", "pk": 19, "fields": {"action_time": "2022-05-26T12:32:05.791Z", "user": 1, "content_type": 13, "object_id": "3", "object_repr": "Avent Natural Feeding Bottle", "action_flag": 1, "change_message": "[{\"added\": {}}]"}}, {"model": "admin.logentry", "pk": 20, "fields": {"action_time": "2022-05-26T12:37:42.821Z", "user": 1, "content_type": 13, "object_id": "4", "object_repr": "MAM Easy Start Anti-Colic Bottle 9 oz (3-Count), Baby Essentials, Medium Flow Bottles with Silicone Nipple, Baby Bottles for Baby Girl, Pink", "action_flag": 1, "change_message": "[{\"added\": {}}]"}}, {"model": "admin.logentry", "pk": 21, "fields": {"action_time": "2022-05-26T12:41:08.717Z", "user": 1, "content_type": 13, "object_id": "5", "object_repr": "Avent British Pack Bottle 9OZ", "action_flag": 1, "change_message": "[{\"added\": {}}]"}}, {"model": "admin.logentry", "pk": 22, "fields": {"action_time": "2022-05-26T12:43:11.500Z", "user": 1, "content_type": 13, "object_id": "6", "object_repr": "Avent Classic Bottle in Giraffe Print 260ml", "action_flag": 1, "change_message": "[{\"added\": {}}]"}}, {"model": "admin.logentry", "pk": 23, "fields": {"action_time": "2022-05-26T12:44:58.645Z", "user": 1, "content_type": 13, "object_id": "6", "object_repr": "Avent Classic Bottle in Giraffe Print 260ml", "action_flag": 2, "change_message": "[{\"changed\": {\"fields\": [\"Image\"]}}]"}}, {"model": "admin.logentry", "pk": 24, "fields": {"action_time": "2022-05-26T12:51:20.106Z", "user": 1, "content_type": 13, "object_id": "7", "object_repr": "Farlin Baby Face Feeding Bottle 4OZ", "action_flag": 1, "change_message": "[{\"added\": {}}]"}}, {"model": "admin.logentry", "pk": 25, "fields": {"action_time": "2022-05-26T13:02:24.423Z", "user": 1, "content_type": 13, "object_id": "8", "object_repr": "Farlin Baby Face Feeding Bottle 9OZ", "action_flag": 1, "change_message": "[{\"added\": {}}]"}}, {"model": "admin.logentry", "pk": 26, "fields": {"action_time": "2022-05-26T13:11:37.950Z", "user": 1, "content_type": 13, "object_id": "9", "object_repr": "Comfort Feeder Slim Neck Bottle 8 oz/250ml.", "action_flag": 1, "change_message": "[{\"added\": {}}]"}}, {"model": "admin.logentry", "pk": 27, "fields": {"action_time": "2022-05-26T13:21:30.147Z", "user": 1, "content_type": 13, "object_id": "10", "object_repr": "Advanced Slim Neck Bottle 4 oz/125 ml.-2pk", "action_flag": 1, "change_message": "[{\"added\": {}}]"}}, {"model": "admin.logentry", "pk": 28, "fields": {"action_time": "2022-05-26T13:27:04.457Z", "user": 1, "content_type": 13, "object_id": "10", "object_repr": "Advanced Slim Neck Bottle 4 oz/125 ml.-2pk", "action_flag": 2, "change_message": "[{\"changed\": {\"fields\": [\"Image url\", \"Image\"]}}]"}}, {"model": "admin.logentry", "pk": 29, "fields": {"action_time": "2022-05-26T15:00:58.709Z", "user": 1, "content_type": 14, "object_id": "1", "object_repr": "bottles", "action_flag": 2, "change_message": "[{\"changed\": {\"fields\": [\"Name\", \"Friendly name\"]}}]"}}, {"model": "admin.logentry", "pk": 30, "fields": {"action_time": "2022-05-26T15:05:18.146Z", "user": 1, "content_type": 14, "object_id": "2", "object_repr": "sterilisers", "action_flag": 2, "change_message": "[{\"changed\": {\"fields\": [\"Name\", \"Friendly name\"]}}]"}}, {"model": "admin.logentry", "pk": 31, "fields": {"action_time": "2022-05-26T15:23:41.750Z", "user": 1, "content_type": 14, "object_id": "2", "object_repr": "sterilisers", "action_flag": 2, "change_message": "[]"}}, {"model": "admin.logentry", "pk": 32, "fields": {"action_time": "2022-05-26T15:24:00.297Z", "user": 1, "content_type": 14, "object_id": "3", "object_repr": "nipples", "action_flag": 1, "change_message": "[{\"added\": {}}]"}}, {"model": "admin.logentry", "pk": 33, "fields": {"action_time": "2022-05-26T15:24:20.616Z", "user": 1, "content_type": 14, "object_id": "4", "object_repr": "starter_kits", "action_flag": 1, "change_message": "[{\"added\": {}}]"}}, {"model": "admin.logentry", "pk": 34, "fields": {"action_time": "2022-05-27T10:40:11.494Z", "user": 1, "content_type": 14, "object_id": "5", "object_repr": "soap", "action_flag": 1, "change_message": "[{\"added\": {}}]"}}, {"model": "admin.logentry", "pk": 35, "fields": {"action_time": "2022-05-27T10:40:32.599Z", "user": 1, "content_type": 14, "object_id": "6", "object_repr": "shampoo", "action_flag": 1, "change_message": "[{\"added\": {}}]"}}, {"model": "admin.logentry", "pk": 36, "fields": {"action_time": "2022-05-27T10:40:41.372Z", "user": 1, "content_type": 14, "object_id": "7", "object_repr": "oil", "action_flag": 1, "change_message": "[{\"added\": {}}]"}}, {"model": "admin.logentry", "pk": 37, "fields": {"action_time": "2022-05-27T10:40:54.614Z", "user": 1, "content_type": 14, "object_id": "8", "object_repr": "lotion", "action_flag": 1, "change_message": "[{\"added\": {}}]"}}, {"model": "admin.logentry", "pk": 38, "fields": {"action_time": "2022-05-27T10:41:05.212Z", "user": 1, "content_type": 14, "object_id": "9", "object_repr": "powder", "action_flag": 1, "change_message": "[{\"added\": {}}]"}}, {"model": "admin.logentry", "pk": 39, "fields": {"action_time": "2022-05-27T10:41:37.011Z", "user": 1, "content_type": 14, "object_id": "10", "object_repr": "hand_sanitizer", "action_flag": 1, "change_message": "[{\"added\": {}}]"}}, {"model": "admin.logentry", "pk": 40, "fields": {"action_time": "2022-05-27T10:41:50.663Z", "user": 1, "content_type": 14, "object_id": "11", "object_repr": "baby_wipes", "action_flag": 1, "change_message": "[{\"added\": {}}]"}}, {"model": "admin.logentry", "pk": 41, "fields": {"action_time": "2022-05-27T10:50:19.650Z", "user": 1, "content_type": 13, "object_id": "11", "object_repr": "Mustela Gentle Soap With Cold Cream", "action_flag": 1, "change_message": "[{\"added\": {}}]"}}, {"model": "admin.logentry", "pk": 42, "fields": {"action_time": "2022-05-27T16:40:04.666Z", "user": 1, "content_type": 13, "object_id": "12", "object_repr": "Kodomo Baby Soap Original 90g", "action_flag": 1, "change_message": "[{\"added\": {}}]"}}, {"model": "admin.logentry", "pk": 43, "fields": {"action_time": "2022-05-27T16:50:52.247Z", "user": 1, "content_type": 13, "object_id": "13", "object_repr": "Johnson's Baby Soap 100GM", "action_flag": 1, "change_message": "[{\"added\": {}}]"}}, {"model": "admin.logentry", "pk": 44, "fields": {"action_time": "2022-05-27T16:53:34.154Z", "user": 1, "content_type": 13, "object_id": "14", "object_repr": "PIGEON BABY TRANSPARENT SOAP", "action_flag": 1, "change_message": "[{\"added\": {}}]"}}, {"model": "admin.logentry", "pk": 45, "fields": {"action_time": "2022-05-27T16:54:40.687Z", "user": 1, "content_type": 13, "object_id": "14", "object_repr": "PIGEON BABY TRANSPARENT SOAP", "action_flag": 2, "change_message": "[{\"changed\": {\"fields\": [\"Image\"]}}]"}}, {"model": "admin.logentry", "pk": 46, "fields": {"action_time": "2022-05-27T16:55:15.905Z", "user": 1, "content_type": 13, "object_id": "14", "object_repr": "PIGEON BABY TRANSPARENT SOAP", "action_flag": 2, "change_message": "[{\"changed\": {\"fields\": [\"Image url\"]}}]"}}, {"model": "admin.logentry", "pk": 47, "fields": {"action_time": "2022-05-27T16:58:23.344Z", "user": 1, "content_type": 13, "object_id": "15", "object_repr": "Pur Baby Soap 100 gm", "action_flag": 1, "change_message": "[{\"added\": {}}]"}}, {"model": "admin.logentry", "pk": 48, "fields": {"action_time": "2022-05-27T17:00:38.650Z", "user": 1, "content_type": 13, "object_id": "16", "object_repr": "Disney Eskulin Shampoo Conditioner", "action_flag": 1, "change_message": "[{\"added\": {}}]"}}, {"model": "admin.logentry", "pk": 49, "fields": {"action_time": "2022-05-27T17:06:18.608Z", "user": 1, "content_type": 13, "object_id": "17", "object_repr": "Dove Baby Shampoo 200ml", "action_flag": 1, "change_message": "[{\"added\": {}}]"}}, {"model": "admin.logentry", "pk": 50, "fields": {"action_time": "2022-05-27T17:10:31.242Z", "user": 1, "content_type": 13, "object_id": "18", "object_repr": "HAIR ENERGY NATURAL NOURISHING BABY SOAP BAR 85GM", "action_flag": 1, "change_message": "[{\"added\": {}}]"}}, {"model": "admin.logentry", "pk": 51, "fields": {"action_time": "2022-05-27T17:14:51.545Z", "user": 1, "content_type": 13, "object_id": "19", "object_repr": "Johnsons Baby Soap White 125 GM", "action_flag": 1, "change_message": "[{\"added\": {}}]"}}, {"model": "admin.logentry", "pk": 52, "fields": {"action_time": "2022-05-27T17:17:31.742Z", "user": 1, "content_type": 13, "object_id": "20", "object_repr": "JOHNSONS BABY SHAMPOO GOLD 300 ML", "action_flag": 1, "change_message": "[{\"added\": {}}]"}}, {"model": "admin.logentry", "pk": 53, "fields": {"action_time": "2022-05-27T17:20:36.266Z", "user": 1, "content_type": 13, "object_id": "21", "object_repr": "JOHNSON'S BABY BATH 200ML", "action_flag": 1, "change_message": "[{\"added\": {}}]"}}, {"model": "admin.logentry", "pk": 54, "fields": {"action_time": "2022-05-27T17:23:35.773Z", "user": 1, "content_type": 13, "object_id": "22", "object_repr": "JOHNSON'S BABY BATH 200ML", "action_flag": 1, "change_message": "[{\"added\": {}}]"}}, {"model": "admin.logentry", "pk": 55, "fields": {"action_time": "2022-05-27T17:26:20.897Z", "user": 1, "content_type": 13, "object_id": "23", "object_repr": "JOHNSONS BABY SOAP MILK 100 GM", "action_flag": 1, "change_message": "[{\"added\": {}}]"}}, {"model": "admin.logentry", "pk": 56, "fields": {"action_time": "2022-05-27T17:28:39.784Z", "user": 1, "content_type": 13, "object_id": "24", "object_repr": "KODOMO ORIGNAL BAR SOAP 90 GM", "action_flag": 1, "change_message": "[{\"added\": {}}]"}}, {"model": "admin.logentry", "pk": 57, "fields": {"action_time": "2022-05-27T17:32:35.719Z", "user": 1, "content_type": 13, "object_id": "25", "object_repr": "Babi Mild Double Milk Baby Lotion 400ml", "action_flag": 1, "change_message": "[{\"added\": {}}]"}}, {"model": "admin.logentry", "pk": 58, "fields": {"action_time": "2022-05-27T17:34:41.759Z", "user": 1, "content_type": 13, "object_id": "26", "object_repr": "Babi Mild Double Milk Powder 180g", "action_flag": 1, "change_message": "[{\"added\": {}}]"}}, {"model": "admin.logentry", "pk": 59, "fields": {"action_time": "2022-05-27T17:36:43.932Z", "user": 1, "content_type": 13, "object_id": "27", "object_repr": "Babi Mild Double Milk Protein Plus Powder 380g", "action_flag": 1, "change_message": "[{\"added\": {}}]"}}, {"model": "admin.logentry", "pk": 60, "fields": {"action_time": "2022-05-27T17:40:35.786Z", "user": 1, "content_type": 13, "object_id": "28", "object_repr": "Baby Magic Baby Lotion 887ml", "action_flag": 1, "change_message": "[{\"added\": {}}]"}}, {"model": "admin.logentry", "pk": 61, "fields": {"action_time": "2022-05-27T17:42:52.717Z", "user": 1, "content_type": 13, "object_id": "29", "object_repr": "Baby Magic Calming Lotion 887ml", "action_flag": 1, "change_message": "[{\"added\": {}}]"}}, {"model": "admin.logentry", "pk": 62, "fields": {"action_time": "2022-05-27T17:45:39.920Z", "user": 1, "content_type": 13, "object_id": "30", "object_repr": "Baby Magic Creamy Baby Oil 488ml", "action_flag": 1, "change_message": "[{\"added\": {}}]"}}, {"model": "admin.logentry", "pk": 63, "fields": {"action_time": "2022-05-27T17:48:04.361Z", "user": 1, "content_type": 13, "object_id": "31", "object_repr": "Baby Magic Moisturizing Lotion 488ml", "action_flag": 1, "change_message": "[{\"added\": {}}]"}}, {"model": "admin.logentry", "pk": 64, "fields": {"action_time": "2022-05-27T17:50:12.682Z", "user": 1, "content_type": 13, "object_id": "32", "object_repr": "Chicco Baby Moments Lotion 500ml", "action_flag": 1, "change_message": "[{\"added\": {}}]"}}, {"model": "admin.logentry", "pk": 65, "fields": {"action_time": "2022-05-27T17:51:55.686Z", "user": 1, "content_type": 13, "object_id": "33", "object_repr": "Dove Baby Lotion 200ml", "action_flag": 1, "change_message": "[{\"added\": {}}]"}}, {"model": "admin.logentry", "pk": 66, "fields": {"action_time": "2022-05-27T17:52:05.337Z", "user": 1, "content_type": 13, "object_id": "33", "object_repr": "Dove Baby Lotion 200ml", "action_flag": 2, "change_message": "[{\"changed\": {\"fields\": [\"Image url\"]}}]"}}, {"model": "admin.logentry", "pk": 67, "fields": {"action_time": "2022-05-27T17:54:33.215Z", "user": 1, "content_type": 13, "object_id": "34", "object_repr": "Johnson’s Baby Oil 100ml", "action_flag": 1, "change_message": "[{\"added\": {}}]"}}, {"model": "admin.logentry", "pk": 68, "fields": {"action_time": "2022-05-27T17:56:44.636Z", "user": 1, "content_type": 13, "object_id": "35", "object_repr": "Johnson’s Baby Oil Gel 200ml", "action_flag": 1, "change_message": "[{\"added\": {}}]"}}, {"model": "admin.logentry", "pk": 69, "fields": {"action_time": "2022-05-27T17:58:07.637Z", "user": 1, "content_type": 13, "object_id": "35", "object_repr": "Johnson’s Baby Oil Gel 200ml", "action_flag": 2, "change_message": "[{\"changed\": {\"fields\": [\"Sku\"]}}]"}}, {"model": "admin.logentry", "pk": 70, "fields": {"action_time": "2022-05-27T17:59:15.422Z", "user": 1, "content_type": 13, "object_id": "36", "object_repr": "Johnsons Baby Blossoms Powder 100g", "action_flag": 1, "change_message": "[{\"added\": {}}]"}}, {"model": "admin.logentry", "pk": 71, "fields": {"action_time": "2022-05-27T18:01:50.038Z", "user": 1, "content_type": 13, "object_id": "37", "object_repr": "Johnsons Baby Lotion 100ml", "action_flag": 1, "change_message": "[{\"added\": {}}]"}}, {"model": "admin.logentry", "pk": 72, "fields": {"action_time": "2022-05-27T18:03:40.321Z", "user": 1, "content_type": 13, "object_id": "38", "object_repr": "Johnsons Baby Lotion 200ml", "action_flag": 1, "change_message": "[{\"added\": {}}]"}}, {"model": "admin.logentry", "pk": 73, "fields": {"action_time": "2022-05-27T18:05:40.047Z", "user": 1, "content_type": 13, "object_id": "39", "object_repr": "Johnsons Baby Powder Bedtime 100g", "action_flag": 1, "change_message": "[{\"added\": {}}]"}}, {"model": "admin.logentry", "pk": 74, "fields": {"action_time": "2022-05-27T18:07:58.331Z", "user": 1, "content_type": 13, "object_id": "40", "object_repr": "Johnsons Baby Powder White 500g", "action_flag": 1, "change_message": "[{\"added\": {}}]"}}, {"model": "admin.logentry", "pk": 75, "fields": {"action_time": "2022-05-27T18:09:34.246Z", "user": 1, "content_type": 13, "object_id": "41", "object_repr": "Mothercare Baby Powder150g", "action_flag": 1, "change_message": "[{\"added\": {}}]"}}, {"model": "admin.logentry", "pk": 76, "fields": {"action_time": "2022-05-27T18:13:05.111Z", "user": 1, "content_type": 13, "object_id": "42", "object_repr": "JOHNSONS BABY OIL NO PARABENS 414 ML", "action_flag": 1, "change_message": "[{\"added\": {}}]"}}, {"model": "admin.logentry", "pk": 77, "fields": {"action_time": "2022-05-27T18:14:55.556Z", "user": 1, "content_type": 13, "object_id": "43", "object_repr": "PALMER'S COCOA BUTTER BABY OIL 150ML", "action_flag": 1, "change_message": "[{\"added\": {}}]"}}, {"model": "admin.logentry", "pk": 78, "fields": {"action_time": "2022-05-27T18:17:16.849Z", "user": 1, "content_type": 13, "object_id": "44", "object_repr": "AURA CRAFT APRICOT OIL", "action_flag": 1, "change_message": "[{\"added\": {}}]"}}, {"model": "admin.logentry", "pk": 79, "fields": {"action_time": "2022-05-27T18:19:37.326Z", "user": 1, "content_type": 13, "object_id": "45", "object_repr": "JOHNSONS BABY OIL ALOE VERA & VITAMIN E 414 ML", "action_flag": 1, "change_message": "[{\"added\": {}}]"}}, {"model": "admin.logentry", "pk": 80, "fields": {"action_time": "2022-05-27T18:22:13.489Z", "user": 1, "content_type": 13, "object_id": "46", "object_repr": "JOHNSONS BABY OIL SHEA AND COCOA BUTTER 414 M", "action_flag": 1, "change_message": "[{\"added\": {}}]"}}, {"model": "admin.logentry", "pk": 81, "fields": {"action_time": "2022-05-27T18:26:06.260Z", "user": 1, "content_type": 13, "object_id": "46", "object_repr": "JOHNSONS BABY OIL SHEA AND COCOA BUTTER 414 M", "action_flag": 2, "change_message": "[]"}}, {"model": "admin.logentry", "pk": 82, "fields": {"action_time": "2022-05-27T18:26:43.730Z", "user": 1, "content_type": 13, "object_id": "46", "object_repr": "JOHNSONS BABY OIL SHEA AND COCOA BUTTER 414 M", "action_flag": 2, "change_message": "[{\"changed\": {\"fields\": [\"Description\"]}}]"}}, {"model": "admin.logentry", "pk": 83, "fields": {"action_time": "2022-05-27T18:27:05.072Z", "user": 1, "content_type": 13, "object_id": "46", "object_repr": "JOHNSONS BABY OIL SHEA AND COCOA BUTTER 414 M", "action_flag": 3, "change_message": ""}}, {"model": "admin.logentry", "pk": 84, "fields": {"action_time": "2022-05-27T18:27:49.644Z", "user": 1, "content_type": 13, "object_id": "47", "object_repr": "JOHNSONS BABY OIL SHEA AND COCOA BUTTER 414 M", "action_flag": 1, "change_message": "[{\"added\": {}}]"}}, {"model": "admin.logentry", "pk": 85, "fields": {"action_time": "2022-05-27T18:35:19.544Z", "user": 1, "content_type": 13, "object_id": "48", "object_repr": "Pigeon Baby’s Hand Sanitizer Cream 50g", "action_flag": 1, "change_message": "[{\"added\": {}}]"}}, {"model": "admin.logentry", "pk": 86, "fields": {"action_time": "2022-05-27T18:37:03.084Z", "user": 1, "content_type": 13, "object_id": "49", "object_repr": "Pigeon Mom’s Hand Sanitizer Gel 50g", "action_flag": 1, "change_message": "[{\"added\": {}}]"}}, {"model": "admin.logentry", "pk": 87, "fields": {"action_time": "2022-05-27T18:38:32.919Z", "user": 1, "content_type": 13, "object_id": "50", "object_repr": "Pigeon Protequa Hand Sanitizer 50ml", "action_flag": 1, "change_message": "[{\"added\": {}}]"}}, {"model": "admin.logentry", "pk": 88, "fields": {"action_time": "2022-05-27T18:40:14.372Z", "user": 1, "content_type": 13, "object_id": "51", "object_repr": "Disney Eskulin Hand Sanitizer 50ml", "action_flag": 1, "change_message": "[{\"added\": {}}]"}}, {"model": "admin.logentry", "pk": 89, "fields": {"action_time": "2022-05-27T18:42:00.071Z", "user": 1, "content_type": 13, "object_id": "52", "object_repr": "Sparsh Hand Sanitizer 50ml X 3", "action_flag": 1, "change_message": "[{\"added\": {}}]"}}, {"model": "admin.logentry", "pk": 90, "fields": {"action_time": "2022-05-29T07:19:36.184Z", "user": 1, "content_type": 17, "object_id": "1", "object_repr": "7ED4D0203EEE4E1B93B51076111388D2", "action_flag": 2, "change_message": "[{\"deleted\": {\"name\": \"order line item\", \"object\": \"SKU pp100105 on order 7ED4D0203EEE4E1B93B51076111388D2\"}}]"}}, {"model": "admin.logentry", "pk": 91, "fields": {"action_time": "2022-05-29T07:23:17.069Z", "user": 1, "content_type": 17, "object_id": "1", "object_repr": "7ED4D0203EEE4E1B93B51076111388D2", "action_flag": 2, "change_message": "[{\"deleted\": {\"name\": \"order line item\", \"object\": \"SKU pp100104 on order 7ED4D0203EEE4E1B93B51076111388D2\"}}, {\"deleted\": {\"name\": \"order line item\", \"object\": \"SKU pp100106 on order 7ED4D0203EEE4E1B93B51076111388D2\"}}]"}}, {"model": "admin.logentry", "pk": 92, "fields": {"action_time": "2022-05-29T07:23:28.781Z", "user": 1, "content_type": 17, "object_id": "1", "object_repr": "7ED4D0203EEE4E1B93B51076111388D2", "action_flag": 2, "change_message": "[{\"changed\": {\"name\": \"order line item\", \"object\": \"SKU pp100105 on order 7ED4D0203EEE4E1B93B51076111388D2\", \"fields\": [\"Product\"]}}]"}}, {"model": "admin.logentry", "pk": 93, "fields": {"action_time": "2022-05-29T07:23:57.987Z", "user": 1, "content_type": 17, "object_id": "1", "object_repr": "7ED4D0203EEE4E1B93B51076111388D2", "action_flag": 2, "change_message": "[{\"changed\": {\"name\": \"order line item\", \"object\": \"SKU pp100203 on order 7ED4D0203EEE4E1B93B51076111388D2\", \"fields\": [\"Product\"]}}]"}}, {"model": "admin.logentry", "pk": 94, "fields": {"action_time": "2022-05-29T07:25:17.585Z", "user": 1, "content_type": 17, "object_id": "1", "object_repr": "7ED4D0203EEE4E1B93B51076111388D2", "action_flag": 2, "change_message": "[{\"added\": {\"name\": \"order line item\", \"object\": \"SKU pp100205 on order 7ED4D0203EEE4E1B93B51076111388D2\"}}]"}}, {"model": "admin.logentry", "pk": 95, "fields": {"action_time": "2022-05-29T07:25:33.928Z", "user": 1, "content_type": 17, "object_id": "1", "object_repr": "7ED4D0203EEE4E1B93B51076111388D2", "action_flag": 2, "change_message": "[{\"changed\": {\"name\": \"order line item\", \"object\": \"SKU pp100205 on order 7ED4D0203EEE4E1B93B51076111388D2\", \"fields\": [\"Quantity\"]}}]"}}, {"model": "admin.logentry", "pk": 96, "fields": {"action_time": "2022-05-29T07:25:46.194Z", "user": 1, "content_type": 17, "object_id": "1", "object_repr": "7ED4D0203EEE4E1B93B51076111388D2", "action_flag": 2, "change_message": "[{\"deleted\": {\"name\": \"order line item\", \"object\": \"SKU pp100203 on order 7ED4D0203EEE4E1B93B51076111388D2\"}}, {\"deleted\": {\"name\": \"order line item\", \"object\": \"SKU pp100205 on order 7ED4D0203EEE4E1B93B51076111388D2\"}}]"}}, {"model": "admin.logentry", "pk": 97, "fields": {"action_time": "2022-05-29T07:26:08.028Z", "user": 1, "content_type": 17, "object_id": "1", "object_repr": "7ED4D0203EEE4E1B93B51076111388D2", "action_flag": 3, "change_message": ""}}, {"model": "admin.logentry", "pk": 98, "fields": {"action_time": "2022-05-29T18:32:28.606Z", "user": 1, "content_type": 13, "object_id": "54", "object_repr": "as", "action_flag": 3, "change_message": ""}}, {"model": "admin.logentry", "pk": 99, "fields": {"action_time": "2022-05-29T18:32:28.619Z", "user": 1, "content_type": 13, "object_id": "53", "object_repr": "zasd", "action_flag": 3, "change_message": ""}}, {"model": "admin.logentry", "pk": 100, "fields": {"action_time": "2022-05-29T18:41:39.321Z", "user": 1, "content_type": 13, "object_id": "51", "object_repr": "Disney Eskulin Hand Sanitizer 50ml", "action_flag": 3, "change_message": ""}}, {"model": "auth.user", "pk": 1, "fields": {"password": "pbkdf2_sha256$260000$bCk8Ezhq7td8hjWuqBDk3j$gEElXXHZeKvcTQZLLfOoP0q+r/gd2fKeO/v81mWJ41g=", "last_login": "2022-05-29T19:00:05.490Z", "is_superuser": true, "username": "admin", "first_name": "", "last_name": "", "email": "admin@toddlersally.com", "is_staff": true, "is_active": true, "date_joined": "2022-05-25T12:49:22.156Z", "groups": [], "user_permissions": []}}, {"model": "auth.user", "pk": 2, "fields": {"password": "pbkdf2_sha256$260000$wdOcga5djXimCSXIZZ1fny$cNkv+Zr0Dke4bQ2yMKomz6XAUPsx/s97WZulVWLCFZE=", "last_login": "2022-05-29T18:59:32.063Z", "is_superuser": false, "username": "testing", "first_name": "", "last_name": "", "email": "test@test.com", "is_staff": false, "is_active": true, "date_joined": "2022-05-29T12:20:42.992Z", "groups": [], "user_permissions": []}}, {"model": "sessions.session", "pk": "0ejk2vag4xnydph0sh0wae1hjl3vlmyu", "fields": {"session_data": "e30:1nvOs7:BOmyv2Dztryl942J5nQYjmYzBlqITHCw1Xfi9TedjP0", "expire_date": "2022-06-12T19:46:43.858Z"}}, {"model": "sessions.session", "pk": "0qzpg8w5w3vem8ett81yzmp85f2r2vji", "fields": {"session_data": ".eJxVjMsOwiAQRf-FtSFQHoJL9_0GMsMMUjU0Ke3K-O_apAvd3nPOfYkE21rT1nlJE4mL0OL0uyHkB7cd0B3abZZ5busyodwVedAux5n4eT3cv4MKvX7riDyAH5RBNNGQN7qYwFZzLD6cS9EhcrbEnNllB5YwFFbI4CgqG614fwD4YjjW:1nvN69:RIu30oPDUkXbVlBwy3Ag46ix87RR-QeI5PuGrJrr5Po", "expire_date": "2022-06-12T17:53:05.148Z"}}, {"model": "sessions.session", "pk": "13wq4f2apnqffultpz7gyfxvpqg5phdr", "fields": {"session_data": ".eJxVjMsOwiAQRf-FtSFQHoJL9_0GMsMMUjU0Ke3K-O_apAvd3nPOfYkE21rT1nlJE4mL0OL0uyHkB7cd0B3abZZ5busyodwVedAux5n4eT3cv4MKvX7riDyAH5RBNNGQN7qYwFZzLD6cS9EhcrbEnNllB5YwFFbI4CgqG614fwD4YjjW:1nu833:kDo8xmaRmaOHvj8HLiP23rUjATZzqfoikEpG5zfMRcI", "expire_date": "2022-06-09T07:36:45.733Z"}}, {"model": "sessions.session", "pk": "1cuyqa1ydz31fz8o2l6d9os2roew3ud4", "fields": {"session_data": "e30:1nvHqA:V3kP7R11_Te3sNN4_1oq36-Wc9rLjxQpNn6HvSwWzQo", "expire_date": "2022-06-12T12:16:14.143Z"}}, {"model": "sessions.session", "pk": "1d3qob76y0lgap3rs7wk8a7hpza619jj", "fields": {"session_data": ".eJxVjMsOwiAQRf-FtSFQHoJL9_0GMsMMUjU0Ke3K-O_apAvd3nPOfYkE21rT1nlJE4mL0OL0uyHkB7cd0B3abZZ5busyodwVedAux5n4eT3cv4MKvX7riDyAH5RBNNGQN7qYwFZzLD6cS9EhcrbEnNllB5YwFFbI4CgqG614fwD4YjjW:1ntyPh:KD9TdFi37ndXHbtPtHiuLw7wm9Ofd7XF4NNSLQM3Jt0", "expire_date": "2022-06-08T21:19:29.971Z"}}, {"model": "sessions.session", "pk": "24ak7jzd1u4g19534qxdofknavqmsmu9", "fields": {"session_data": "eyJzYXZlX2luZm8iOmZhbHNlfQ:1nvDiI:mPtBaZWQicNrfmQ5CIwtsJ7qoMbGXoIaWYKnvoogvu4", "expire_date": "2022-06-12T07:51:50.975Z"}}, {"model": "sessions.session", "pk": "ahd25h5syqb74243pyf3awn0ziyqgya1", "fields": {"session_data": ".eJxVjDEOgzAQBP9ydWRhbBObMn3egO58Z0wSgYShQvw9IFEk7c7sbNDhuuRuLTJ3A0MLGm6_G2F8y3gCfuHYTypO4zIPpE5FXbSo58TyeVzuXyBjycc7kNTY1JUhMsFwY3QyXqyWkBp_T0n7INGySBQXHVomn6QiQcehssEeUcIe2g0MtHrfvyxUPIQ:1nui7E:4F5UtqMwHrIeaxLBeFYq5aXqaxeIRYlKKqI-OXzrEhY", "expire_date": "2022-06-10T22:07:28.623Z"}}, {"model": "sessions.session", "pk": "b1h40qet4p8i1xulexhn7ox4b7mg6ljb", "fields": {"session_data": ".eJxVjrtuhDAQRX_FmtqyMLYJpkyfKuWysvwYAxsCK4ylrFb77zESRdKee-6deYKxeR9NTriZKUAHHOhf5qz_wuUIws0uw8r8uuzb5NihsDNN7GMNOL-f7r-B0aaxtLXD2jZ1JZwTWoRG8ChalBx1bNq3GHmr0cuA6FF5ZWVwbcTKoVVBV1LLYzRhStO6GPy5T9sDuoqCswN0T1ACOv4qyndR7ICpXLxcejDmlkrhpD1QUlFSK0p6-MzeFxzzPD9IeR53DKQm920N2e-J9XC9wusXsmxfSg:1nvNiG:yo7Yi8K--VgeIK_ZqpSWNiPKW0euVb7ELTku43Xz2Hg", "expire_date": "2022-06-12T18:32:28.639Z"}}, {"model": "sessions.session", "pk": "d8pl2qlaf7i0opxffxzjekma1ooxlz7b", "fields": {"session_data": ".eJxVjEEOwiAQRe_C2hAotIJL956BzDCDRQ2Y0iYa4921SRe6_e_99xIBlnkMS-MpZBIHocXud0OIVy4roAuUc5WxlnnKKFdFbrTJUyW-HTf3LzBCG79vj9zB0CmDaLyhwehkHFvNPg1un5J2nqMl5sh97MESusQKGXryynq7Rhu3lmsJ_Ljn6SkO6v0Bs3BAEw:1nvI6J:aM8aoCiB1rSYbLdj5TVTR7GWE7heZ7M8pman0ERs-II", "expire_date": "2022-06-12T12:32:55.380Z"}}, {"model": "sessions.session", "pk": "hewos0l3qc49rzs31e7ak85s7lc393q3", "fields": {"session_data": ".eJxVjEEOwiAQRe_C2hAotIJL956BzDCDRQ2Y0iYa4921SRe6_e_99xIBlnkMS-MpZBIHocXud0OIVy4roAuUc5WxlnnKKFdFbrTJUyW-HTf3LzBCG79vj9zB0CmDaLyhwehkHFvNPg1un5J2nqMl5sh97MESusQKGXryynq7Rhu3lmsJ_Ljn6SkO6v0Bs3BAEw:1nvHiQ:qPoCKDVdOsEkWT5CSr3EajI5jIYTVMKQQEMWUVfZzDo", "expire_date": "2022-06-12T12:08:14.635Z"}}, {"model": "sessions.session", "pk": "jeli9rd8i0m9vc0cq11if0ol1tubsrwc", "fields": {"session_data": ".eJxVjEEOwiAQRe_C2hAotIJL956BzDCDRQ2Y0iYa4921SRe6_e_99xIBlnkMS-MpZBIHocXud0OIVy4roAuUc5WxlnnKKFdFbrTJUyW-HTf3LzBCG79vj9zB0CmDaLyhwehkHFvNPg1un5J2nqMl5sh97MESusQKGXryynq7Rhu3lmsJ_Ljn6SkO6v0Bs3BAEw:1nvIF2:K-cMMPP15TTDYNjudEr4hK8RzimG9pS7mLrY-gpWChU", "expire_date": "2022-06-12T12:41:56.902Z"}}, {"model": "sessions.session", "pk": "s50btvo51f0uc0mtiaspxpfn5v76ii49", "fields": {"session_data": ".eJxVjMsOwiAQRf-FtSG05VG6dO83kGEYLGrAQJtojP-uTbrQ7T3nnhdzsC6zWxtVlwKbWM8Ov5sHvFLeQLhAPheOJS81eb4pfKeNn0qg23F3_wIztPn7Bk0UO0WDQDtI8GOM2hKM0kTdDcqMUoZgOumjQgUgoomkLAXRI3qrcYs2ai2V7OhxT_XJJvH-ALryQBQ:1nvHyA:Olb2DjFu8HR4CFVzpU6_CZbbrhMiYf898Jgz1V8y77Q", "expire_date": "2022-06-12T12:24:30.845Z"}}, {"model": "sessions.session", "pk": "wnryw685liw9d7yca4ox5mmuhacbms1m", "fields": {"session_data": ".eJxVjDsOgzAQRO-yNbLwB2K7TJ8zoF3vGkgikPhUiLsHIhqaKea9mQ0IW4gbWIi6AP1PA9HsBTS4Ll2zzjI1PUM84K0jTB8ZTsBvHNpRpXFYpp7UqaiLzuo1snyfl3s76HDujnUgMVib0hLZYLm2OlsvTkvItX_krH2Q5FgkSZUqdEw-S0mCFYfSBQf7Dy5EPp4:1nuxQu:5Ay_zb71cDdTYVvliUtyyjUegAwVUNFbnI6T3jZ-XOA", "expire_date": "2022-06-11T14:28:48.650Z"}}, {"model": "sites.site", "pk": 1, "fields": {"domain": "toddlersally.example.com", "name": "Toddler's Ally"}}, {"model": "account.emailaddress", "pk": 1, "fields": {"user": 1, "email": "admin@toddlersally.com", "verified": true, "primary": true}}, {"model": "account.emailaddress", "pk": 2, "fields": {"user": 2, "email": "test@test.com", "verified": true, "primary": true}}, {"model": "products.category", "pk": 1, "fields": {"name": "bottles", "friendly_name": "Bottles"}}, {"model": "products.category", "pk": 2, "fields": {"name": "sterilisers", "friendly_name": "Sterilisers"}}, {"model": "products.category", "pk": 3, "fields": {"name": "nipples", "friendly_name": "Nipples"}}, {"model": "products.category", "pk": 4, "fields": {"name": "starter_kits", "friendly_name": "Starter Kits"}}, {"model": "products.category", "pk": 5, "fields": {"name": "soap", "friendly_name": "Soaps"}}, {"model": "products.category", "pk": 6, "fields": {"name": "shampoo", "friendly_name": "Shampoos"}}, {"model": "products.category", "pk": 7, "fields": {"name": "oil", "friendly_name": "Oil"}}, {"model": "products.category", "pk": 8, "fields": {"name": "lotion", "friendly_name": "Lotion"}}, {"model": "products.category", "pk": 9, "fields": {"name": "powder", "friendly_name": "Powder"}}, {"model": "products.category", "pk": 10, "fields": {"name": "hand_sanitizer", "friendly_name": "Hand Sanitizers"}}, {"model": "products.category", "pk": 11, "fields": {"name": "baby_wipes", "friendly_name": "Baby Wipes"}}, {"model": "products.product", "pk": 1, "fields": {"category": 1, "sku": "pp100101", "name": "Tommee Tippee CTN 150ml Bottle - Pack of 3", "description": "With our award-winning** Closer to Nature baby bottles, switch between breast and bottle feeding has never ben simpler - in fact it has been voted as mum's #1 bottles for switching between breast and bottle! * With our breast-like teat and built -in anti-colic valve, it could just be the best thing for your baby, since you! Inspired by mum, designed by experts. Loved by mums and babies, our easy latch-on, breast-like teat feels closer to skin and mimics the natural flex and movement of a mum's breast for a comfortable feed.\r\n\r\n\r\n\r\nThis is good", "has_sizes": false, "price": "50.55", "rating": "4.00", "image_url": "https://res.cloudinary.com/dxf1gijtg/image/upload/v1653557482/Tomme_Tippee_150ml_Bottles_-_pack_of_3_dtlkb2.jpg", "image": "Tomme_Tippee_150ml_Bottles_-_pack_of_3.jpg"}}, {"model": "products.product", "pk": 2, "fields": {"category": 1, "sku": "pp100102", "name": "Tommee Tippee closer to nature midnight skies feeding bottles,  3-Pack , 3m + 260ml", "description": "Tippee Advanced Anti-Colic bottle works a little differently from regular bottles to help combat colic while ensuring a comfortable feeding for you and your baby. The unique 3-piece anti-colic venting system draws air away from milk and the star value keeps milk from traveling up the tube meaning less wind, reflux and discomfort. Plus, the anti-colic venting tube comes with a built-in heat strip that gives you extra reassurance that the milk is a safe temperature for baby.", "has_sizes": false, "price": "80.00", "rating": "4.50", "image_url": "https://res.cloudinary.com/dxf1gijtg/image/upload/v1653567679/Tomme_Tippee_Closer_260ml_Bottles_-_pack_of_3_mqb1yb.jpg", "image": "Tomme_Tippee_Closer__260ml_Bottles_-_pack_of_3.jpg"}}, {"model": "products.product", "pk": 3, "fields": {"category": 1, "sku": "pp100103", "name": "Avent Natural Feeding Bottle", "description": "This new natural feeding bottle from Avent makes the baby feeding more natural like mother’s nipple. Its nipple has the unique petal design which helps in natural and easy latch similar to the breast making it more easy to combine bottle feeding and breast feeding.", "has_sizes": false, "price": "25.00", "rating": "4.20", "image_url": "https://res.cloudinary.com/dxf1gijtg/image/upload/v1653568317/Avent_Natural_Feeding_Bottle_h6dqy2.jpg", "image": "Avent_Natural_Feeding_Bottle.jpg"}}, {"model": "products.product", "pk": 4, "fields": {"category": 1, "sku": "pp100104", "name": "MAM Easy Start Anti-Colic Bottle 9 oz (3-Count), Baby Essentials, Medium Flow Bottles with Silicone Nipple, Baby Bottles for Baby Girl, Pink", "description": "ANTI-COLIC - Our vented base design releases liquid slowly, reducing colic symptoms in 80%* of babies by eliminating bubbles that cause gas and aggravate colic & reflux symptoms\r\nBREASTFED BABIES - The elongated nipple shape of our anticolic baby bottles feels just like mom so parents and newborns can easily switch between breastfeeding and bottle feeding\r\nEASY CLEAN - No need for a separate baby bottle sterilizer: MAM bottles self-sterilize in the microwave in 3 minutes, meaning fewer baby items to take on the go\r\nPRODUCT DETAILS - MAM Easy Start Anti Colic Baby Bottles, 9 oz (3-Pack), 3 Baby Bottles with 3 Medium Flow Silicone Nipples, Newborn Essentials, Pink\r\nDESIGN ON THE BOTTLE MAY VARY", "has_sizes": false, "price": "50.00", "rating": "3.90", "image_url": "https://res.cloudinary.com/dxf1gijtg/image/upload/v1653568656/MAM_Easy_start_anti_colic_bottle_eb5ql5.jpg", "image": "MAM_Easy_start_anti_colic_bottle.jpg"}}, {"model": "products.product", "pk": 5, "fields": {"category": 1, "sku": "pp100105", "name": "Avent British Pack Bottle 9OZ", "description": "Avent’s trusted Classic range has been improved to provide an even more enjoyable feeding experience. The clinically proven anti-colic system is now integrated into the teat, making the bottle extra-easy to clean and assemble.", "has_sizes": false, "price": "80.00", "rating": "4.50", "image_url": "https://res.cloudinary.com/dxf1gijtg/image/upload/v1653568826/avent_british_bottle_y9ruzq.jpg", "image": "avent_british_bottle.jpg"}}, {"model": "products.product", "pk": 6, "fields": {"category": 1, "sku": "pp100106", "name": "Avent Classic Bottle in Giraffe Print 260ml", "description": "Our clinically proven Airflex venting system is designed to reduce wind and colic. As your baby feeds, the valve integrated into the teat flexes to allow air into the bottle to prevent vacuum build up and vents it towards the back of the bottle. It keeps air in the bottle and away from baby’s tummy to help reduce wind, spit-up and burping.", "has_sizes": false, "price": "48.00", "rating": "4.00", "image_url": "https://res.cloudinary.com/dxf1gijtg/image/upload/v1653568945/avent_griaffe_bottle_kruvrr.jpg", "image": "avent_griaffe_bottle.jpg"}}, {"model": "products.product", "pk": 7, "fields": {"category": 1, "sku": "pp100107", "name": "Farlin Baby Face Feeding Bottle 4OZ", "description": "Farlin Baby Face Feeding Bottle Cute and has very flexible cover design.  It has a unique and colorful design which helps infant visual development. It is easy to learn because of it unique design which your kid grips easily.", "has_sizes": false, "price": "20.00", "rating": "3.50", "image_url": "https://res.cloudinary.com/dxf1gijtg/image/upload/v1653569289/farlin_baby_face_feedingbottle_m1h59l.jpg", "image": "farlin_baby_face_feedingbottle.jpg"}}, {"model": "products.product", "pk": 8, "fields": {"category": 1, "sku": "pp100108", "name": "Farlin Baby Face Feeding Bottle 9OZ", "description": "Farlin Baby Face Feeding Bottle Cute and has very flexible cover design. It has a unique and colorful design which helps infant visual development. It is easy to learn because of it unique design which your kid grips easily. it has soft silicon nipple. Air valve on base allows for constant flow of liquid and less ingestion of air, prevents colic. Cap design can be changed from picture shown", "has_sizes": false, "price": "25.00", "rating": "3.80", "image_url": "https://res.cloudinary.com/dxf1gijtg/image/upload/v1653570134/farlin_baby_face_parrot_face_zlytqq.jpg", "image": "farlin_baby_face_parrot_face.jpg"}}, {"model": "products.product", "pk": 9, "fields": {"category": 1, "sku": "pp100109", "name": "Comfort Feeder Slim Neck Bottle 8 oz/250ml.", "description": "Comfort Feeder Slim Neck Bottle is standard base feeding bottle. it is Ergonomically designed and it is Shaped for providing an easy grip during feeding. Comfort Feeder Slim Neck Bottle is stable base. Bottle's nipple is a standard base comfort flow nipple. Bottle is made from high quality plastic material. Teat is made from medical grade silicone, which is also volatile and nitrosamine safe. Guaranteed not to perish odorless tasteless and non-toxic. The age limit of the product is 3m +", "has_sizes": false, "price": "45.00", "rating": "4.20", "image_url": "https://res.cloudinary.com/dxf1gijtg/image/upload/v1653570690/comfort_bottle_slim_neck_tplbec.jpg", "image": "comfort_bottle_slim_neck.jpg"}}, {"model": "products.product", "pk": 10, "fields": {"category": 1, "sku": "pp100110", "name": "Advanced Slim Neck Bottle 4 oz/125 ml.-2pk", "description": "Adnavce Slim Neck Bottle is standard base feeding bottle. it is Ergonomically designed and it is Shaped for providing an easy grip during feeding. The bottle is Stable base. Icon is placed on hood. The Nipple attached is a standard base pro flo nipple. Bottle is made from high quality plastic material. Teat is made from medical grade silicone, which is also volatile and nitrosamine safe. Guaranteed not to perish odorles. It is tasteless and non-toxic.", "has_sizes": false, "price": "48.00", "rating": "4.00", "image_url": "https://res.cloudinary.com/dxf1gijtg/image/upload/v1653571615/comfort_Advance_bottle_slim_neck_oaabqz.jpg", "image": "comfort_Advance_bottle_slim_neck.jpg"}}, {"model": "products.product", "pk": 11, "fields": {"category": 5, "sku": "pp100201", "name": "Mustela Gentle Soap With Cold Cream", "description": "Gentle soap with Cold cream for baby and child, face and body, from birth on.\r\nGentle baby soap with Cold Cream and beeswax can be used daily to wash the face and body of baby and child, even newborns*.\r\n\r\nIt gently cleans and hydrates their skin and compensates for the drying effect of hard water.", "has_sizes": false, "price": "40.00", "rating": "3.60", "image_url": "https://res.cloudinary.com/dxf1gijtg/image/upload/v1653648612/Mustle_gentle_soap_with_cold_cream_qr4j2i.jpg", "image": "Mustle_gentle_soap_with_cold_cream.jpg"}}, {"model": "products.product", "pk": 12, "fields": {"category": 5, "sku": "pp100202", "name": "Kodomo Baby Soap Original 90g", "description": "Soften Skin Reduce Irritation.;Meat Eggs Delicate Washes Out Easily With Shampoo And Shower At The Same Time.;Through Standard Medical Tests.;Not A Safe Non-Irritating To The Skin. Scalp And Eyes.\r\n\r\nThis is a pack of 3 Kodomo Baby Soap Original.", "has_sizes": false, "price": "15.00", "rating": "3.70", "image_url": "https://res.cloudinary.com/dxf1gijtg/image/upload/v1653669585/Kodomo_Baby_Soap_Original_90g_wgupuy.jpg", "image": "Kodomo_Baby_Soap_Original_90g.jpg"}}, {"model": "products.product", "pk": 13, "fields": {"category": 5, "sku": "pp100203", "name": "Johnson's Baby Soap 100GM", "description": "Johnson Baby soap is higly recommended by mothers. it gently cleanses delicate skin. it is enriched with moisturizers.", "has_sizes": false, "price": "10.00", "rating": "4.30", "image_url": "https://res.cloudinary.com/dxf1gijtg/image/upload/v1653670241/Johnson_s_Baby_Soap_100GM_kv4gfd.jpg", "image": "Johnsons_Baby_Soap_100GM.jpg"}}, {"model": "products.product", "pk": 14, "fields": {"category": 5, "sku": "pp100204", "name": "PIGEON BABY TRANSPARENT SOAP", "description": "Use this Pigeon transparent baby soap on your baby’s soft and delicate skin. This soap is made of all natural ingredients and is tear-free. It moisturizes your baby’s skin and makes it soft. Pack contains 80 grams transparent soap bar.", "has_sizes": false, "price": "12.00", "rating": "3.90", "image_url": "https://res.cloudinary.com/dxf1gijtg/image/upload/v1653670509/Piegon_Baby_Transparent_Soap_nhjrpu.jpg", "image": "Piegon_Baby_Transparent_Soap.jpg"}}, {"model": "products.product", "pk": 15, "fields": {"category": 5, "sku": "pp100205", "name": "Pur Baby Soap 100 gm", "description": "Pur Baby soap is one of the best products out there. it is milder and more nourishing than  ordinary baby soap.", "has_sizes": false, "price": "10.00", "rating": "3.80", "image_url": "https://res.cloudinary.com/dxf1gijtg/image/upload/v1653670696/pur_baby_soap_yyeou4.jpg", "image": "pur_baby_soap.jpg"}}, {"model": "products.product", "pk": 16, "fields": {"category": 6, "sku": "pp100206", "name": "Disney Eskulin Shampoo Conditioner", "description": "Specially formulated for kids and enriched with jojoba oil to keep your hair moisturised and smooth.", "has_sizes": false, "price": "8.00", "rating": "3.60", "image_url": "https://res.cloudinary.com/dxf1gijtg/image/upload/v1653670819/Disney_Eskulin_Shampoo_Conditioner_bfwtj3.jpg", "image": "Disney_Eskulin_Shampoo_Conditioner.jpg"}}, {"model": "products.product", "pk": 17, "fields": {"category": 6, "sku": "pp100207", "name": "Dove Baby Shampoo 200ml", "description": "Keeps baby’s scalp moisturized and hair soft from one bath to the next\r\nTear free baby shampoo\r\nHypoallergenic and pH Neutral formula\r\nGentle baby shampoo with a fragrance developed for baby’s flimsy skin\r\nOphthalmologist, dermatologist and pediatrician tested\r\nSuitable for everyday use even for newborns", "has_sizes": false, "price": "11.00", "rating": "4.20", "image_url": "https://res.cloudinary.com/dxf1gijtg/image/upload/v1653671171/Dove_Baby_Shampoo_200ml_ozooxn.jpg", "image": "Dove_Baby_Shampoo_200ml.jpg"}}, {"model": "products.product", "pk": 18, "fields": {"category": 5, "sku": "pp100208", "name": "HAIR ENERGY NATURAL NOURISHING BABY SOAP BAR 85GM", "description": "It prevents dryness, rash, and irritation by locking the moisture", "has_sizes": false, "price": "7.00", "rating": "3.10", "image_url": "https://res.cloudinary.com/dxf1gijtg/image/upload/v1653671425/HAIR_ENERGY_NATURAL_NOURISHING_BABY_SOAP_BAR_85GM_evouha.jpg", "image": "HAIR_ENERGY_NATURAL_NOURISHING_BABY_SOAP_BAR_85GM.jpg"}}, {"model": "products.product", "pk": 19, "fields": {"category": 5, "sku": "pp100209", "name": "Johnsons Baby Soap White 125 GM", "description": "Johnsons Baby Soap White 125 GM. it is mild & gentle cleanse. it is free from parabens & alcohol.", "has_sizes": false, "price": "8.00", "rating": "4.10", "image_url": "https://res.cloudinary.com/dxf1gijtg/image/upload/v1653671685/Johnsons_Baby_Soap_White_125_GM_c587sq.jpg", "image": "Johnsons_Baby_Soap_White_125_GM.jpg"}}, {"model": "products.product", "pk": 20, "fields": {"category": 6, "sku": "pp100210", "name": "JOHNSONS BABY SHAMPOO GOLD 300 ML", "description": "When a baby is born, her hair are delicate and her eyes have slower blink reflexes vs. Adult eyes. That's why we perfected our formulas over 125 years so they are now more gentle to give her the best care. Johnson's baby shampoo is specially designed to be as gentle and mild to the eyes as pure water. Johnson's baby no more tears shampoo is free of soap. It makes the rinsing of the hair very easy. You can clean the scalp and hair perfectly without leaving any adverse impact on the protective layer. Its anti-fungal and anti-bacterial properties prevent allergies or infections. It's no more tears formula cleanses gently and easily, leaving your baby's hair soft and healthy. Moms trust johnson's - always mild, gentle and effective.", "has_sizes": false, "price": "15.00", "rating": "4.00", "image_url": "https://res.cloudinary.com/dxf1gijtg/image/upload/v1653671846/JOHNSONS_BABY_SHAMPOO_GOLD_300_ML_snvfx2.jpg", "image": "JOHNSONS_BABY_SHAMPOO_GOLD_300_ML.jpg"}}, {"model": "products.product", "pk": 21, "fields": {"category": 6, "sku": "pp100211", "name": "JOHNSON'S BABY BATH 200ML", "description": "We love babies. And we understand that babies skin and eyes are delicate. That's why our gentle No More Tears JOHNSON's baby bath, with its unmistakable baby fresh smell, is as mild to the eyes as pure water and gentle enough to cleanse baby's skin every day PH balanced Soap Free.", "has_sizes": false, "price": "9.00", "rating": "3.90", "image_url": "https://res.cloudinary.com/dxf1gijtg/image/upload/v1653672029/JOHNSON_S_BABY_BATH_200ML_p6wkjd.jpg", "image": "JOHNSONS_BABY_BATH_200ML.jpg"}}, {"model": "products.product", "pk": 22, "fields": {"category": 6, "sku": "pp100212", "name": "JOHNSON'S BABY BATH 200ML", "description": "We love babies. And we understand that babies skin and eyes are delicate. That's why our gentle No More Tears JOHNSON's baby bath, with its unmistakable baby fresh smell, is as mild to the eyes as pure water and gentle enough to cleanse baby's skin every day PH balanced Soap Free.", "has_sizes": false, "price": "15.00", "rating": "4.00", "image_url": "https://res.cloudinary.com/dxf1gijtg/image/upload/v1653672197/JOHNSONS_BABY_BATH_200ML_yoob64.jpg", "image": "JOHNSONS_BABY_BATH_200ML_B1NUSZI.jpg"}}, {"model": "products.product", "pk": 23, "fields": {"category": 5, "sku": "pp100213", "name": "JOHNSONS BABY SOAP MILK 100 GM", "description": "Helps complete skin nourishment for baby soft skin. Made especially for babies. The JOHNSON's baby soap is safe Clinically proven to be gentle and mild for your baby's skin Triple Baby Protection Enriched with milk proteins and Vitamin E No parabens & SLS, No Dyes & Alcohol We love babies. And we understand how important it is to keep baby's delicate skin safe, nourished and gently cleansed. JOHNSON's baby milk soap's formula contains natural milk proteins and vitamin E, to help deliver complete skin nourishment, for baby skin that is soft, smooth, and healthy. Clinically proven mild, the soap is gentle for baby's delicate skin. This safe soap for baby rinses easily! JOHNSON's baby milk soap! Milder than your body soap! For best results, follow with JOHNSON's baby milk lotion. Mums trust JOHNSON's Always Mild, Gentle and Effective.", "has_sizes": false, "price": "8.00", "rating": "3.90", "image_url": "https://res.cloudinary.com/dxf1gijtg/image/upload/v1653672370/JOHNSONS_BABY_SOAP_MILK_100_GM_gk2t0m.jpg", "image": "JOHNSONS_BABY_SOAP_MILK_100_GM.jpg"}}, {"model": "products.product", "pk": 24, "fields": {"category": 5, "sku": "pp100214", "name": "KODOMO ORIGNAL BAR SOAP 90 GM", "description": "KODOMO ORIGNAL BAR SOAP 90 GM", "has_sizes": false, "price": "7.00", "rating": "3.50", "image_url": "https://res.cloudinary.com/dxf1gijtg/image/upload/v1653672501/KODOMO_ORIGNAL_BAR_SOAP_90_yjz9yc.jpg", "image": "KODOMO_ORIGNAL_BAR_SOAP_90.jpg"}}, {"model": "products.product", "pk": 25, "fields": {"category": 8, "sku": "pp100301", "name": "Babi Mild Double Milk Baby Lotion 400ml", "description": "Cleanse and moisturize your baby`s skin\r\nDouble Milk Proteins For Healthy Skin\r\nIt contains ingredients from milk and soy-milk\r\nSmooth the skin and sooth any kind of irritation on your baby`s skin\r\nMake your baby`s skin soft and silky and healthier.", "has_sizes": false, "price": "35.00", "rating": "4.00", "image_url": "https://res.cloudinary.com/dxf1gijtg/image/upload/v1653672750/Babi_Mild_Double_Milk_Baby_Lotion_400ml_jyzjg2.jpg", "image": "Babi_Mild_Double_Milk_Baby_Lotion_400ml.jpg"}}, {"model": "products.product", "pk": 26, "fields": {"category": 9, "sku": "pp100302", "name": "Babi Mild Double Milk Powder 180g", "description": "Double Milk Protein Plus. Double Milk : Preserve healthy skin. Vitamin C from mixed berries makes skin scented and soft.", "has_sizes": false, "price": "10.00", "rating": "4.00", "image_url": "https://res.cloudinary.com/dxf1gijtg/image/upload/v1653672876/Babi_Mild_Double_Milk_Powder_180g_a52ya6.jpg", "image": "Babi_Mild_Double_Milk_Powder_180g.jpg"}}, {"model": "products.product", "pk": 27, "fields": {"category": 9, "sku": "pp100303", "name": "Babi Mild Double Milk Protein Plus Powder 380g", "description": "Double Milk Protein Plus. Double Milk : Preserve healthy skin. Vitamin C from mixed berries makes skin scented and soft.", "has_sizes": false, "price": "8.00", "rating": "3.20", "image_url": "https://res.cloudinary.com/dxf1gijtg/image/upload/v1653672995/Babi_Mild_Double_Milk_Protein_Plus_Powder_380g_b8nqld.jpg", "image": "Babi_Mild_Double_Milk_Protein_Plus_Powder_380g.jpg"}}, {"model": "products.product", "pk": 28, "fields": {"category": 8, "sku": "pp100304", "name": "Baby Magic Baby Lotion 887ml", "description": "Our Baby Magic Original Baby Lotion is a rich, creamy, non-greasy lotion formulated to absorb quickly while softening and nourishing your baby’s skin. This hypoallergenic baby lotion formula is mild enough for baby’s sensitive skin, and enhanced with vitamins A and E to help retain the natural moisture of baby’s delicate skin. Our baby lotion is a one of a kind formula, specially formulated for baby skin conditioning and protection.", "has_sizes": false, "price": "40.00", "rating": "4.00", "image_url": "https://res.cloudinary.com/dxf1gijtg/image/upload/v1653673224/Baby_Magic_Baby_Lotion_887ml_tkoktx.jpg", "image": "Baby_Magic_Baby_Lotion_887ml.jpg"}}, {"model": "products.product", "pk": 29, "fields": {"category": 8, "sku": "pp100305", "name": "Baby Magic Calming Lotion 887ml", "description": "The perfect companion to a nighttime bath is Calming Baby Lotion to help baby wind-down into a sweet slumber. Specially formulated with soothing Lavender and Chamomile, the hydrating lotion helps keep skin kissably soft for a magical morning. Sleep tight!", "has_sizes": false, "price": "29.00", "rating": "3.90", "image_url": "https://res.cloudinary.com/dxf1gijtg/image/upload/v1653673368/Baby_Magic_Calming_Lotion_887ml_pwluxk.jpg", "image": "Baby_Magic_Calming_Lotion_887ml.jpg"}}, {"model": "products.product", "pk": 30, "fields": {"category": 7, "sku": "pp100306", "name": "Baby Magic Creamy Baby Oil 488ml", "description": "Gentle formula: sulfate-free, phthalate-free, dye-free & paraben-free.\r\nHypoallergenic: dermatologist Tested and allergy tested for the sensitive skin of infants, from newborns to toddlers.\r\nCoconut oil & camelia oil: rich in vitamins known to help hydrate and soothe dry skin.\r\nMarshmallow root: known to help replenish and soothe skin while providing hydration.\r\nMade in the USA\r\nPackaging may vary.", "has_sizes": false, "price": "15.00", "rating": "4.00", "image_url": "https://res.cloudinary.com/dxf1gijtg/image/upload/v1653673531/Baby_Magic_Creamy_Baby_Oil_488ml_irzsev.jpg", "image": "Baby_Magic_Creamy_Baby_Oil_488ml.jpg"}}, {"model": "products.product", "pk": 31, "fields": {"category": 8, "sku": "pp100307", "name": "Baby Magic Moisturizing Lotion 488ml", "description": "Our moisturizing lotion is enriched with nourishing calendula oil, hydrating coconut oil and soothing Aloe to help seal-in moisture so your sweet buttercup can have soft, healthy skin.", "has_sizes": false, "price": "25.00", "rating": "3.90", "image_url": "https://res.cloudinary.com/dxf1gijtg/image/upload/v1653673677/Baby_Magic_Moisturizing_Lotion_488ml_hyp0et.png", "image": "Baby_Magic_Moisturizing_Lotion_488ml.png"}}, {"model": "products.product", "pk": 32, "fields": {"category": 8, "sku": "pp100308", "name": "Chicco Baby Moments Lotion 500ml", "description": "Chicco Baby Moments Body Lotion with its deep moisturizing formula nourishes baby’s delicate skin keeping it soft, smooth and healthy\r\nFormulated with the goodness of Almond milk, Illipe butter, Glycerine, and Vitamin E, the body lotion preserves the natural softness of baby’s skin and deeply hydrates for proper nourishment\r\nNon-sticky formula gets easily absorbed into the skin to prevent dryness and lets baby’s skin retain its moisture level\r\nThe lotion has a light texture that moisturizes skin without clogging pores making baby’s skin ultra-soft. For baby’s delicate skin light formula with deep nourishment\r\nMade with ingredients of 100% vegetarian origin, the body lotion is safe for baby’s skin\r\nSuitable for all types of sensitive skin\r\nBecause baby’s skin is gentle and delicate, it needs extra care. Hence Chicco Body Lotion is Dermatologically tested, free from Parabens, SLS, SLES, dyes, alcohol, artificial colours, allergen fragrance, and mineral oil", "has_sizes": false, "price": "20.00", "rating": "3.80", "image_url": "https://res.cloudinary.com/dxf1gijtg/image/upload/v1653673805/Chicco_Baby_Moments_Lotion_500ml_fo08mr.jpg", "image": "Chicco_Baby_Moments_Lotion_500ml.jpg"}}, {"model": "products.product", "pk": 33, "fields": {"category": 8, "sku": "pp100309", "name": "Dove Baby Lotion 200ml", "description": "Gentle, hypoallergenic, and pH-neutral\r\nOur most caring and safety-tested formula is dermatologist and pediatrician tested\r\nGently moisturizes baby skin for up to 24 hours and soothes dry skin from the first use\r\nFragrance specially developed for baby’s delicate skin", "has_sizes": false, "price": "10.00", "rating": "4.00", "image_url": "https://res.cloudinary.com/dxf1gijtg/image/upload/v1653673911/Dove_Baby_Lotion_200ml_rgdu3n.jpg", "image": "Dove_Baby_Lotion_200ml.jpg"}}, {"model": "products.product", "pk": 34, "fields": {"category": 8, "sku": "pp100310", "name": "Johnson’s Baby Oil 100ml", "description": "Johnson’s Baby Oil Ideal for baby massage and skin moisturization.", "has_sizes": false, "price": "12.00", "rating": "4.00", "image_url": "https://res.cloudinary.com/dxf1gijtg/image/upload/v1653674063/Johnson_s_Baby_Oil_100ml_cpfu6o.jpg", "image": "Johnsons_Baby_Oil_100ml.jpg"}}, {"model": "products.product", "pk": 35, "fields": {"category": 7, "sku": "pp100311", "name": "Johnson’s Baby Oil Gel 200ml", "description": "Johnson’s Baby Oil Gel is an intensive moisturizer with Camomile, known for its soothing properties. Johnsons baby oil gel is intensive moisturizer with camomile known for its soothing properties. Easy to use  gel format without any mess. For baby’s soft skin, step out of the shower and apply on wet skin and pad dry. Please use it before 3 years after opening.\r\n\r\n*AVAILABLE VARIANT WILL BE SENT", "has_sizes": false, "price": "12.00", "rating": "4.00", "image_url": "https://res.cloudinary.com/dxf1gijtg/image/upload/v1653674184/Johnson_s_Baby_Oil_Gel_200ml_isdv2v.jpg", "image": "Johnsons_Baby_Oil_Gel_200ml.jpg"}}, {"model": "products.product", "pk": 36, "fields": {"category": 9, "sku": "pp100312", "name": "Johnsons Baby Blossoms Powder 100g", "description": "For baby, use after every bath and diaper change, to keep you baby’s skin dry and make your baby’s skin soft and smooth\r\nClinically proven mildness for baby’s delicate skin\r\nBest for baby, causes no allergy or irritation to baby’s skin\r\nNo parabens and SLS, no dyes and alcohol\r\nUsed by 9 out of 10 pediatricians on their own babies", "has_sizes": false, "price": "4.00", "rating": "3.50", "image_url": "https://res.cloudinary.com/dxf1gijtg/image/upload/v1653674345/Johnsons_Baby_Blossoms_Powder_100g_fqzgoq.jpg", "image": "Johnsons_Baby_Blossoms_Powder_100g.jpg"}}, {"model": "products.product", "pk": 37, "fields": {"category": 8, "sku": "pp100313", "name": "Johnsons Baby Lotion 100ml", "description": "Johnsons Baby Lotion is 24-hour moisture for healthy feeling skin.", "has_sizes": false, "price": "2.00", "rating": "3.80", "image_url": "https://res.cloudinary.com/dxf1gijtg/image/upload/v1653674502/Johnsons_Baby_Lotion_100ml_cue4bw.jpg", "image": "Johnsons_Baby_Lotion_100ml.jpg"}}, {"model": "products.product", "pk": 38, "fields": {"category": 8, "sku": "pp100314", "name": "Johnsons Baby Lotion 200ml", "description": "Everyone love babies and all understand that babies’ delicate skin needs gentle care to keep it Babysoft. That’s why Johnson’s baby lotion, with Babyfresh smell, is clinically proven mild hypoallergenic for moisturising cleansing baby’s delicate skin. Rediscover the original baby softness, passed down from generation to generation, on baby and grown-up skin.\r\n\r\nJohnson’s Baby Lotion 500ml", "has_sizes": false, "price": "4.00", "rating": "3.90", "image_url": "https://res.cloudinary.com/dxf1gijtg/image/upload/v1653674609/Johnsons_Baby_Lotion_200ml_qeshat.jpg", "image": "Johnsons_Baby_Lotion_200ml.jpg"}}, {"model": "products.product", "pk": 39, "fields": {"category": 9, "sku": "pp100315", "name": "Johnsons Baby Powder Bedtime 100g", "description": "Johnson’s  Bedtime™  baby powder is clinically proven to help baby sleep better. A soothing nightly ritual can help send your growing baby to dreamland.  Our product compliments your baby’s bedtime routine for a comfortable night’s sleep.\r\n\r\npH Balanced & Hypoallergenic\r\nClinically proven to help comfort baby before sleep *based on baby’s bedtime routine\r\nWith NaturalCalm aroma", "has_sizes": false, "price": "5.00", "rating": "4.20", "image_url": "https://res.cloudinary.com/dxf1gijtg/image/upload/v1653674729/Johnsons_Baby_Powder_Bedtime_100g_zjgt9d.jpg", "image": "Johnsons_Baby_Powder_Bedtime_100g.jpg"}}, {"model": "products.product", "pk": 40, "fields": {"category": 9, "sku": "pp100316", "name": "Johnsons Baby Powder White 500g", "description": "For baby, use after every bath and diaper change, to keep you baby’s skin dry and make your baby’s skin soft and smooth\r\nClinically proven mildness for baby’s delicate skin\r\nBest for baby, causes no allergy or irritation to baby’s skin\r\nNo parabens and SLS, no dyes and alcohol\r\nPackaging could be slightly changed", "has_sizes": false, "price": "6.00", "rating": "4.30", "image_url": "https://res.cloudinary.com/dxf1gijtg/image/upload/v1653674860/Johnsons_Baby_Powder_White_500g_wwsadz.jpg", "image": "Johnsons_Baby_Powder_White_500g.jpg"}}, {"model": "products.product", "pk": 41, "fields": {"category": 9, "sku": "pp100317", "name": "Mothercare Baby Powder150g", "description": "Mothercare All We Know Baby Powder extract of olive oil and chamomile, it has lightweight formulation makes your baby’s skin feel more comfortable. It creates a smooth layer that absorbs wetness and helps reduce the effect of chafing. Features: Natural extracts Midwife tested Suitable from birth", "has_sizes": false, "price": "6.00", "rating": "4.00", "image_url": "https://res.cloudinary.com/dxf1gijtg/image/upload/v1653674959/Mothercare_Baby_Powder150g_wtbt7d.jpg", "image": "Mothercare_Baby_Powder150g.jpg"}}, {"model": "products.product", "pk": 42, "fields": {"category": 7, "sku": "pp100318", "name": "JOHNSONS BABY OIL NO PARABENS 414 ML", "description": "JOHNSONS BABY OIL NO PARABENS 414 ML", "has_sizes": false, "price": "12.00", "rating": "4.00", "image_url": "https://res.cloudinary.com/dxf1gijtg/image/upload/v1653675171/JOHNSONS_BABY_OIL_NO_PARABENS_414_ML_chemyj.jpg", "image": "JOHNSONS_BABY_OIL_NO_PARABENS_414_ML.jpg"}}, {"model": "products.product", "pk": 43, "fields": {"category": 7, "sku": "pp100319", "name": "PALMER'S COCOA BUTTER BABY OIL 150ML", "description": "Palmer's Cocoa Butter Formula Baby Oil is a moisturizing baby oil specially formulated for baby's dry skin. A unique blend of Pure Cocoa Butter, Vitamin E and other natural oils helps deliver powerful benefits to lil ones' delicate skin. This hypoallergenic baby oil softens and protects and is gentle enough for daily use. Lightweight, non-greasy and non-staining. Perfect for a soothing baby massage.", "has_sizes": false, "price": "4.00", "rating": "3.60", "image_url": "https://res.cloudinary.com/dxf1gijtg/image/upload/v1653675279/PALMER_S_COCOA_BUTTER_BABY_OIL_150ML_ymdvqx.jpg", "image": "PALMERS_COCOA_BUTTER_BABY_OIL_150ML.jpg"}}, {"model": "products.product", "pk": 44, "fields": {"category": 7, "sku": "pp100320", "name": "AURA CRAFT APRICOT OIL", "description": "Rich in Vitamin A, E and Gama Linoleic Acid (GLA), this light and gentle oil moisturizes, nourishes and revitalizes skin without any greasy residue. It's a popular product for baby massage and perfect for the summer. For all skin types, most beneficial for sensitive skin.", "has_sizes": false, "price": "4.00", "rating": "3.50", "image_url": "https://res.cloudinary.com/dxf1gijtg/image/upload/v1653675422/AURA_CRAFT_APRICOT_OIL_z2clpl.jpg", "image": "AURA_CRAFT_APRICOT_OIL.jpg"}}, {"model": "products.product", "pk": 45, "fields": {"category": 7, "sku": "pp100321", "name": "JOHNSONS BABY OIL ALOE VERA & VITAMIN E 414 ML", "description": "JOHNSONS BABY OIL ALOE VERA & VITAMIN E 414 ML", "has_sizes": false, "price": "15.00", "rating": "4.00", "image_url": "https://res.cloudinary.com/dxf1gijtg/image/upload/v1653675562/JOHNSONS_BABY_OIL_ALOE_VERA_VITAMIN_E_414_ML_nulrwi.jpg", "image": "JOHNSONS_BABY_OIL_ALOE_VERA__VITAMIN_E_414_ML.jpg"}}, {"model": "products.product", "pk": 47, "fields": {"category": 7, "sku": "pp100322", "name": "JOHNSONS BABY OIL SHEA AND COCOA BUTTER 414 M", "description": "JOHNSONS BABY OIL SHEA AND COCOA BUTTER 414 M", "has_sizes": false, "price": "14.00", "rating": "3.90", "image_url": "https://res.cloudinary.com/dxf1gijtg/image/upload/v1653675721/JOHNSONS_BABY_OIL_SHEA_AND_COCOA_BUTTER_414_ML_nypybv.jpg", "image": "JOHNSONS_BABY_OIL_SHEA_AND_COCOA_BUTTER_414_ML_o4XgcVa.jpg"}}, {"model": "products.product", "pk": 48, "fields": {"category": 10, "sku": "pp100401", "name": "Pigeon Baby’s Hand Sanitizer Cream 50g", "description": "Baby Hand Sanitizer in cream format which is enriched with Shea Butter and Chamomile extract for moisturizing benefit. Dermatologically Tested and safe for baby.", "has_sizes": false, "price": "4.00", "rating": "3.10", "image_url": "https://res.cloudinary.com/dxf1gijtg/image/upload/v1653676503/Pigeon_Baby_s_Hand_Sanitizer_Cream_50g_zahymo.jpg", "image": "Pigeon_Babys_Hand_Sanitizer_Cream_50g.jpg"}}, {"model": "products.product", "pk": 49, "fields": {"category": 10, "sku": "pp100402", "name": "Pigeon Mom’s Hand Sanitizer Gel 50g", "description": "Kills 99.9% germs and bacteria\r\nEthyl Alcohol (70%)\r\nMore Details below…", "has_sizes": false, "price": "5.00", "rating": "4.00", "image_url": "https://res.cloudinary.com/dxf1gijtg/image/upload/v1653676605/Pigeon_Mom_s_Hand_Sanitizer_Gel_50g_yxp5o0.jpg", "image": "Pigeon_Moms_Hand_Sanitizer_Gel_50g.jpg"}}, {"model": "products.product", "pk": 50, "fields": {"category": 10, "sku": "pp100403", "name": "Pigeon Protequa Hand Sanitizer 50ml", "description": "Keeping germs at bay keeps the fun going all day. Gentle and effective with no alcohol, Protequa Hand Sanitizer is safe for regular use to keep your baby’s skin clean, so bad bacteria won’t get in the way of learning and play.", "has_sizes": false, "price": "3.00", "rating": "4.00", "image_url": "https://res.cloudinary.com/dxf1gijtg/image/upload/v1653676605/Pigeon_Mom_s_Hand_Sanitizer_Gel_50g_yxp5o0.jpg", "image": "Pigeon_Protequa_Hand_Sanitizer_50ml.jpg"}}, {"model": "products.product", "pk": 52, "fields": {"category": 10, "sku": "PP100305", "name": "Sparsh Hand Sanitizer 50ml X 3", "description": "Specially formulated\r\n\r\nProtects from 100 illness causing germs\r\nUse hand sanitizer to protect transfer of germs from your hands anytime, anywhere without soap or water\r\nRinse free and non sticky\r\nGel Based\r\nAvoid contact with kids when hands are wet\r\nNo return of this product\r\nMade in Pakistan\r\nPackaging of the product may be change", "has_sizes": false, "price": "3.00", "rating": "4.60", "image_url": "https://res.cloudinary.com/dxf1gijtg/image/upload/v1653676904/Sparsh_Hand_Sanitizer_50ml_X_3_a1ohhg.jpg", "image": "Sparsh_Hand_Sanitizer_50ml_X_3.jpg"}}, {"model": "checkout.order", "pk": 2, "fields": {"order_number": "761852F9F46D4AD0AD4BB1EF3711DE5A", "user_profile": null, "full_name": "asd", "email": "ad@asd.com", "phone_number": "132456789", "country": "sdf", "postcode": "1231546", "town_or_city": "sdf", "street_address1": "sdf", "street_address2": "mnbv", "county": "dasf", "date": "2022-05-29T07:40:05.748Z", "delivery_cost": "1.70", "order_total": "17.00", "grand_total": "18.70", "original_bag": "", "stripe_pid": ""}}, {"model": "checkout.order", "pk": 3, "fields": {"order_number": "738974BEA7E9457BBCB1E151498F1D74", "user_profile": null, "full_name": "asd", "email": "ads@ads.com", "phone_number": "13245687984", "country": "kasjd", "postcode": "132415", "town_or_city": "dont", "street_address1": "know", "street_address2": "it", "county": "yet", "date": "2022-05-29T07:46:59.580Z", "delivery_cost": "0.00", "order_total": "95.00", "grand_total": "95.00", "original_bag": "", "stripe_pid": ""}}, {"model": "checkout.order", "pk": 4, "fields": {"order_number": "8C0865BD7889492C946B24378F1FBB22", "user_profile": null, "full_name": "gree", "email": "gree@china.com", "phone_number": "1324567890", "country": "china", "postcode": "13245", "town_or_city": "somwhere", "street_address1": "in", "street_address2": "the", "county": "world", "date": "2022-05-29T07:49:06.773Z", "delivery_cost": "0.00", "order_total": "270.00", "grand_total": "270.00", "original_bag": "", "stripe_pid": ""}}, {"model": "checkout.order", "pk": 5, "fields": {"order_number": "FD3D3655AD0544D29AA583AB71226FAB", "user_profile": null, "full_name": "gala", "email": "gala@buisket.com", "phone_number": "1234567890", "country": "hungary", "postcode": "somewhere", "town_or_city": "in", "street_address1": "this", "street_address2": "world", "county": "duh", "date": "2022-05-29T07:51:50.850Z", "delivery_cost": "0.00", "order_total": "95.00", "grand_total": "95.00", "original_bag": "", "stripe_pid": ""}}, {"model": "checkout.order", "pk": 6, "fields": {"order_number": "3D7B211A2F484BA3B46F0E2E79B294A9", "user_profile": null, "full_name": "alien", "email": "alien@ware.com", "phone_number": "123456790", "country": "uK", "postcode": "12345", "town_or_city": "london", "street_address1": "221B", "street_address2": "Baker's Street", "county": "UK", "date": "2022-05-29T08:51:33.848Z", "delivery_cost": "0.00", "order_total": "198.00", "grand_total": "198.00", "original_bag": "", "stripe_pid": ""}}, {"model": "checkout.order", "pk": 7, "fields": {"order_number": "AD13F3299B84425BAF0929CBF52F5F19", "user_profile": null, "full_name": "hp", "email": "hp@computer.com", "phone_number": "1234567890", "country": "US", "postcode": "13245", "town_or_city": "hp", "street_address1": "hp", "street_address2": "gp", "county": "US", "date": "2022-05-29T09:53:25.716Z", "delivery_cost": "1.20", "order_total": "12.00", "grand_total": "13.20", "original_bag": "", "stripe_pid": ""}}, {"model": "checkout.order", "pk": 8, "fields": {"order_number": "045FCBEC4ABE45FB9D412EDD76E028D9", "user_profile": null, "full_name": "DELL", "email": "DELL@computers.com", "phone_number": "1234567890", "country": "US", "postcode": "13245", "town_or_city": "DELl", "street_address1": "DEll", "street_address2": "DELL", "county": "US", "date": "2022-05-29T09:55:42.299Z", "delivery_cost": "1.00", "order_total": "10.00", "grand_total": "11.00", "original_bag": "", "stripe_pid": ""}}, {"model": "checkout.order", "pk": 9, "fields": {"order_number": "B22819970E4C4E0CBB6F7C1BC3D6C241", "user_profile": 1, "full_name": "Django", "email": "django@python.com", "phone_number": "1234657890", "country": "GB", "postcode": null, "town_or_city": "London", "street_address1": "221B-Bakker's", "street_address2": "Strret", "county": null, "date": "2022-05-29T15:03:38.948Z", "delivery_cost": "0.00", "order_total": "80.00", "grand_total": "80.00", "original_bag": "{\"5\": 1}", "stripe_pid": "pi_3L4ndgFyGe986LFU088pFgVK"}}, {"model": "checkout.order", "pk": 10, "fields": {"order_number": "F998FE6997A340EFB63B54B1A2AB39B3", "user_profile": 1, "full_name": "testing confirmation email", "email": "admin@toddlersally.com", "phone_number": "1234657890", "country": "GB", "postcode": null, "town_or_city": "London", "street_address1": "221B-Bakker's", "street_address2": "Strret", "county": null, "date": "2022-05-29T17:33:25.991Z", "delivery_cost": "0.00", "order_total": "80.00", "grand_total": "80.00", "original_bag": "{\"2\": 1}", "stripe_pid": "pi_3L4pysFyGe986LFU1qiGQeKV"}}, {"model": "checkout.order", "pk": 11, "fields": {"order_number": "2BFB4AAF9F2A45338D1E63401A868518", "user_profile": 1, "full_name": "testing", "email": "admin@toddlersally.com", "phone_number": "1234657890", "country": "GB", "postcode": "12345", "town_or_city": "London", "street_address1": "221B-Bakker's", "street_address2": "Strret", "county": "mk", "date": "2022-05-29T17:46:33.728Z", "delivery_cost": "0.00", "order_total": "50.00", "grand_total": "50.00", "original_bag": "{\"1\": 1}", "stripe_pid": "pi_3L4qBbFyGe986LFU1D65onSS"}}, {"model": "checkout.order", "pk": 12, "fields": {"order_number": "2AEEB3CB61AA4AD191F31197EABD43FB", "user_profile": 1, "full_name": "testing", "email": "admin@toddlersally.com", "phone_number": "1234657890", "country": "GB", "postcode": "12345", "town_or_city": "London", "street_address1": "221B-Bakker's", "street_address2": "Strret", "county": "mk", "date": "2022-05-29T17:51:27.597Z", "delivery_cost": "4.00", "order_total": "40.00", "grand_total": "44.00", "original_bag": "{\"11\": 1}", "stripe_pid": "pi_3L4qGbFyGe986LFU1TsDrEXr"}}, {"model": "checkout.orderlineitem", "pk": 6, "fields": {"order": 2, "product": 50, "product_size": null, "quantity": 1, "lineitem_total": "3.00"}}, {"model": "checkout.orderlineitem", "pk": 7, "fields": {"order": 2, "product": 47, "product_size": null, "quantity": 1, "lineitem_total": "14.00"}}, {"model": "checkout.orderlineitem", "pk": 8, "fields": {"order": 3, "product": 5, "product_size": null, "quantity": 1, "lineitem_total": "80.00"}}, {"model": "checkout.orderlineitem", "pk": 9, "fields": {"order": 3, "product": 12, "product_size": null, "quantity": 1, "lineitem_total": "15.00"}}, {"model": "checkout.orderlineitem", "pk": 10, "fields": {"order": 4, "product": 4, "product_size": null, "quantity": 1, "lineitem_total": "50.00"}}, {"model": "checkout.orderlineitem", "pk": 11, "fields": {"order": 4, "product": 11, "product_size": null, "quantity": 1, "lineitem_total": "40.00"}}, {"model": "checkout.orderlineitem", "pk": 12, "fields": {"order": 4, "product": 9, "product_size": null, "quantity": 4, "lineitem_total": "180.00"}}, {"model": "checkout.orderlineitem", "pk": 13, "fields": {"order": 5, "product": 31, "product_size": null, "quantity": 3, "lineitem_total": "75.00"}}, {"model": "checkout.orderlineitem", "pk": 14, "fields": {"order": 5, "product": 39, "product_size": null, "quantity": 4, "lineitem_total": "20.00"}}, {"model": "checkout.orderlineitem", "pk": 15, "fields": {"order": 6, "product": 3, "product_size": null, "quantity": 6, "lineitem_total": "150.00"}}, {"model": "checkout.orderlineitem", "pk": 16, "fields": {"order": 6, "product": 34, "product_size": null, "quantity": 4, "lineitem_total": "48.00"}}, {"model": "checkout.orderlineitem", "pk": 17, "fields": {"order": 7, "product": 14, "product_size": null, "quantity": 1, "lineitem_total": "12.00"}}, {"model": "checkout.orderlineitem", "pk": 18, "fields": {"order": 8, "product": 13, "product_size": null, "quantity": 1, "lineitem_total": "10.00"}}, {"model": "checkout.orderlineitem", "pk": 19, "fields": {"order": 9, "product": 5, "product_size": null, "quantity": 1, "lineitem_total": "80.00"}}, {"model": "checkout.orderlineitem", "pk": 20, "fields": {"order": 10, "product": 2, "product_size": null, "quantity": 1, "lineitem_total": "80.00"}}, {"model": "checkout.orderlineitem", "pk": 21, "fields": {"order": 11, "product": 1, "product_size": null, "quantity": 1, "lineitem_total": "50.00"}}, {"model": "checkout.orderlineitem", "pk": 22, "fields": {"order": 12, "product": 11, "product_size": null, "quantity": 1, "lineitem_total": "40.00"}}, {"model": "profiles.userprofile", "pk": 1, "fields": {"user": 1, "default_phone_number": "1234657890", "default_street_address1": "221B-Bakker's", "default_street_address2": "Strret", "default_town_or_city": "London", "default_county": "mk", "default_postcode": "12345", "default_country": "GB"}}, {"model": "profiles.userprofile", "pk": 2, "fields": {"user": 2, "default_phone_number": null, "default_street_address1": null, "default_street_address2": null, "default_town_or_city": null, "default_county": null, "default_postcode": null, "default_country": null}}]